"longitude","latitude"
8.48547000000002,47.26768
8.45328000000006,47.2772200000001
8.46813000000003,47.3151100000001
8.53639000000004,47.24037
8.44858000000005,47.2968100000001
8.52683000000007,47.2279300000001
8.46003000000007,47.22427
8.42580000000004,47.23499
8.46296000000007,47.2436300000001
8.42631000000006,47.2633000000001
8.40376000000003,47.28209
8.49593000000004,47.24229
8.48998000000006,47.3257400000001
8.47056000000003,47.3417200000001
8.65133000000003,47.65405
8.59702000000004,47.5696300000001
8.62303000000003,47.54801
8.61673000000008,47.6655500000001
8.64740000000006,47.5729000000001
8.64345000000003,47.6930400000001
8.60802000000007,47.5752900000001
8.62824000000006,47.6841400000001
8.68441000000007,47.56402
8.68312000000003,47.5995800000001
8.62776000000002,47.67258
8.64946000000003,47.62586
8.72627000000006,47.61195
8.60464000000007,47.64446
8.75460000000004,47.57811
8.69256000000007,47.6379900000001
8.72745000000003,47.6288900000001
8.62433000000004,47.5741600000001
8.54821000000004,47.50273
8.62883000000005,47.4431000000001
8.56483461600004,47.512622843
8.61811000000006,47.4231600000001
8.52138000000002,47.5763700000001
8.59359000000006,47.5067900000001
8.58135000000004,47.5353500000001
8.50239000000005,47.55888
8.51580000000007,47.5234100000001
8.50995000000006,47.50809
8.49102000000005,47.5957900000001
8.58055000000007,47.4525400000001
8.59404000000006,47.4892800000001
8.64906000000008,47.44708
8.61817000000002,47.4878
8.57398000000006,47.42954
8.53929000000005,47.61089
8.57915000000003,47.5298300000001
8.59341000000006,47.4130500000001
8.47533000000004,47.5879
8.50147000000004,47.60616
8.55237000000005,47.4926300000001
8.44171000000006,47.5262300000001
8.40050000000002,47.4694400000001
8.43976000000004,47.45894
8.43998000000005,47.43971
8.40970000000004,47.44577
8.45882818139041,47.4825989340411
8.38714000000004,47.44606
8.47240000000005,47.51277
8.50150000000002,47.49442
8.48396000000002,47.48123
8.37668000000002,47.5043700000001
8.51939000000004,47.47662
8.40530000000007,47.5008800000001
8.39008000000007,47.4604100000001
8.43648000000007,47.4822100000001
8.46605000000005,47.4309900000001
8.53007000000002,47.4530100000001
8.39732000000004,47.4967500000001
8.41624000000007,47.49976
8.46719000000007,47.52802
8.45031000000006,47.4947300000001
8.43581000000006,47.5583100000001
8.85666000000003,47.33586
8.81888000000004,47.2684800000001
8.84240000000005,47.2776500000001
8.92230000000006,47.333
8.76098000000007,47.30749
8.76362000000006,47.2843700000001
8.85828981900005,47.305731833
8.84993000000003,47.25908
8.76950000000005,47.3434700000001
8.91349000000002,47.27437
8.79846000000003,47.3250600000001
8.52554000000003,47.3116200000001
8.54521000000005,47.32165
8.53961000000004,47.2886500000001
8.57563000000005,47.27833
8.70512000000002,47.2074900000001
8.55534000000006,47.3072900000001
8.56470000000007,47.2947300000001
8.59136000000007,47.3049500000001
8.61353000000003,47.28619
8.76694000000003,47.25053
8.58014000000003,47.3188900000001
8.69051000000007,47.2539400000001
8.67343735600002,47.2793703630001
8.72146000000004,47.2700400000001
8.72297000000003,47.24147
8.67627000000005,47.26635
8.62597000000005,47.3302400000001
8.57386000000002,47.34043
8.75191000000007,47.3880600000001
8.82286000000005,47.36938
8.67146000000002,47.4414200000001
8.78495,47.36733
8.77600000000007,47.39387
8.76371000000006,47.43152
8.84602000000007,47.4196000000001
8.81712000000005,47.4283
8.62222000000003,47.3997800000001
8.68991000000005,47.30089
8.63991000000004,47.3715800000001
8.67752000000007,47.3652300000001
8.66749000000004,47.3403200000001
8.72122000000007,47.3104000000001
8.65763000000004,47.3825400000001
8.71519000000006,47.3495100000001
8.68984000000006,47.38964
8.63098000000002,47.42398
8.78115000000003,47.5733200000001
8.67396000000002,47.4718
8.72156000000007,47.5612300000001
8.62267000000003,47.52509
8.77015000000006,47.55506
8.82386000000002,47.56253
8.80236000000002,47.50534
8.88954000000007,47.5209300000001
8.70851000000005,47.5473200000001
8.66767000000004,47.5290200000001
8.64227000000005,47.51638
8.79380000000003,47.5508600000001
8.82828000000006,47.47004
8.73090000000008,47.5363300000001
8.84735000000006,47.43584
8.73299000000003,47.49852
8.82443000000006,47.44741
8.43854000000005,47.33784
8.43686000000002,47.35333
8.40322000000003,47.4042700000001
8.40952000000004,47.4219400000001
8.46092000000004,47.4086300000001
8.39481000000006,47.4279700000001
8.45196000000004,47.3983200000001
8.45390000000003,47.37062
8.44774000000007,47.4141500000001
8.42848000000004,47.38685
8.43482000000006,47.4201600000001
8.53956000000005,47.3770700000001
8.67883,47.59424
8.79023000000007,47.6368200000001
8.67159000000004,47.22972
8.86760000000004,47.4908
8.60915551200003,47.244342585
8.68672000000004,47.4291900000001
8.87650000000002,47.3678200000001
8.78821000000005,47.5209400000001
7.27791000000008,47.0439500000001
7.26103,47.04018
7.36141000000003,47.0664100000001
7.23534000000006,47.0197900000001
7.26156000000003,47.05616
7.30793000000006,47.07199
7.36853000000002,47.00926
7.27246000000002,47.02191
7.41089000000005,47.06262
7.38233000000002,47.04292
7.31571000000002,47.03056
7.76847000000004,47.2403600000001
7.83444000000003,47.13552
7.73276000000004,47.2368500000001
7.75629000000004,47.1852000000001
7.83254000000005,47.18591
7.87277000000006,47.1441100000001
7.79004000000003,47.2120600000001
7.79039000000006,47.1904900000001
7.79851000000002,47.16551
7.85077000000007,47.18287
7.75319000000007,47.1152900000001
7.84403000000003,47.1648000000001
7.82280000000003,47.24111
7.81237000000004,47.1359
7.80118000000004,47.1211300000001
7.77446000000003,47.1744800000001
7.76645000000002,47.25359
7.75347000000005,47.2045600000001
7.77265000000006,47.13683
7.81570000000005,47.25539
7.44046000000003,46.94843
7.49637000000007,46.9747600000001
7.44000000000005,46.9769400000001
7.41586000000007,47.0001300000001
7.4166683309943,46.9256635309476
7.48769000000004,46.93003
7.40334000000007,46.8733700000001
7.52420000000006,46.9585700000001
7.56169000000006,46.9467500000001
7.35599000000008,46.9711800000001
7.45891000000006,46.9967
7.48090000000008,46.9774800000001
7.48678000000007,46.9574700000001
7.24725000000007,47.14088
7.23708000000005,47.14935
7.42799000000002,47.16738
7.34129000000007,47.1061500000001
7.37186000000003,47.13989
7.36341000000004,47.10848
7.34181000000007,47.1204000000001
7.36625000000004,47.1823800000001
7.45911000000007,47.1750200000001
7.34782000000007,47.1595600000001
7.40470000000005,47.1289100000001
7.33711000000005,47.1749
7.40540000000004,47.1528500000001
7.39725000000004,47.0827200000001
7.55769000000004,47.09392
7.64034000000004,47.1247900000001
7.52742000000006,47.0192400000001
7.62451000000004,47.0548400000001
7.59581000000003,47.0940900000001
7.65591000000006,47.01626
7.65923000000004,47.0650600000001
7.54032000000007,47.0433200000001
7.63283000000007,47.1424400000001
7.54956000000004,47.07354
7.58445000000006,47.0851900000001
7.60232000000002,47.1336900000001
7.56586000000004,47.0092900000001
7.58023000000003,47.0651500000001
7.62605000000002,47.039
7.56899000000004,47.08766
7.64365000000004,47.10634
7.57839000000007,47.0538300000001
7.61457000000007,47.14527
7.66782000000006,47.10607
7.14409000000006,47.1942900000001
7.05603000000002,47.17485
7.10675000000003,47.1906300000001
7.07368000000002,47.1786700000001
6.89290000000005,47.1429900000001
7.05468000000008,47.2105300000001
7.21366000000006,47.16063
6.92995000000008,47.12726
7.34015000000005,47.18915
6.99577000000005,47.1521100000001
7.17228000000006,47.19789
6.96469000000008,47.1390500000001
7.10133000000008,47.2233600000001
7.01874000000004,47.15815
7.28644000000003,47.1881000000001
7.22526000000005,47.19028
7.14605000000006,47.0193600000001
7.09303000000006,47.0446000000001
7.18096000000003,47.0276400000001
7.05100000000004,47.0285500000001
7.05898000000008,47.0147200000001
7.10582000000005,47.0059400000001
7.15313000000003,47.0458400000001
7.14251000000007,46.9960600000001
7.18408000000005,47.0295100000001
7.16065000000003,47.0107
7.07739000000004,47.02554
7.10984000000008,47.03531
7.53889000000004,47.13176
7.52437000000003,47.0846000000001
7.50595000000004,47.0487400000001
7.48159000000004,47.0622500000001
7.51165000000003,47.0300500000001
7.48205000000007,47.0162800000001
7.45053000000007,47.02142
7.49953000000005,47.0204200000001
7.55874000000006,47.1278
7.46885219511863,47.0302837945233
7.55902000000003,47.15227
7.57594000000006,47.1587900000001
7.47203000000007,47.0513700000001
7.56047000000007,46.4932200000001
7.69559000000004,46.65662
7.64690000000007,46.5867200000001
7.66176000000007,46.54567
7.67285000000004,46.49499
7.72790000000003,46.6610400000001
7.69027000000006,46.6256000000001
7.79630000000003,46.69931
7.89375000000007,46.6859600000001
8.03688000000005,46.7545000000001
8.09962000000007,46.75233
7.80852000000004,46.6625700000001
8.03455000000002,46.62438
7.87308000000007,46.65455
7.90528000000006,46.6322000000001
7.86483000000004,46.7259100000001
8.07643000000007,46.75474
7.85349000000002,46.6845000000001
7.96093000000008,46.70748
7.90756000000005,46.5979300000001
7.77429000000006,46.65466
7.94943,46.63716
7.86425000000003,46.68024
7.92928000000006,46.7174600000001
7.96233000000007,46.73769
7.9002,46.70414
7.83131000000003,46.63638
8.05582000000004,46.75924
7.84866000000005,46.6854000000001
7.86736000000008,46.6651400000001
7.66505,46.93496
7.62973000000005,46.9248600000001
7.69486000000006,46.8935500000001
7.61722000000003,46.8175800000001
7.62752000000006,46.8675700000001
7.63767000000007,46.9071200000001
7.60520000000002,46.8570100000001
7.60919000000007,46.82766
7.58267000000006,46.8194100000001
7.62113000000005,46.881
7.67998000000006,46.95786
7.67832000000004,46.8479800000001
7.64688000000007,46.8943100000001
7.56290000000007,46.8749500000001
7.63560000000007,46.8772500000001
7.61894000000007,46.8401500000001
7.67382000000003,46.91641
7.59722000000005,46.8208100000001
7.54412000000002,46.89838
7.61779000000007,46.9431500000001
7.56339000000003,46.9298000000001
7.66186000000005,46.90187
7.52446000000003,46.91461
7.57647000000003,46.8434700000001
7.21019000000007,46.9492700000001
7.33687000000003,46.9553000000001
7.21456000000006,46.9641300000001
7.22824000000003,46.91207
7.23966000000007,46.90223
7.25931000000003,46.9527800000001
7.12681718240578,46.9113893803298
7.30221000000006,46.89387
7.23847000000006,46.97092
7.40354000000002,47.2797
7.29821000000004,47.25525
7.45506000000006,47.2854100000001
7.34145000000007,47.2410400000001
7.44172000000003,47.28252
7.39668000000006,47.2787900000001
7.42455000000007,47.2834
7.23777000000007,47.2421000000001
7.37303000000003,47.27903
7.34207000000004,47.2746700000001
7.22563000000002,47.2347100000001
7.37740000000002,47.30233
7.20824000000005,47.2430600000001
7.21768000000003,47.2445500000001
7.55312000000004,47.3362700000001
7.52124000000003,47.3047100000001
7.30586000000005,47.23952
7.19965000000008,47.22004
7.19228000000004,47.2911100000001
7.19422000000003,47.2719300000001
7.28183000000007,47.2368000000001
7.09274000000005,47.0635500000001
7.08139000000006,47.1129800000001
7.11633000000006,47.1132700000001
7.28887000000003,47.12129
7.24600000000004,47.10506
7.27837000000005,47.12462
7.24453000000005,47.0698100000001
7.21978000000007,47.0686200000001
7.18546000000003,47.05654
7.24389000000002,47.08131
7.26300000000003,47.0991700000001
7.23026000000004,47.1128200000001
7.13557000000003,47.08412
7.24956000000003,47.0869200000001
7.20871000000005,47.0818800000001
7.24038000000007,47.12586
7.30824000000007,47.1387800000001
7.25504000000006,47.1164200000001
7.32444000000004,47.1507100000001
7.31777000000005,47.13244
7.30034000000006,47.1264800000001
7.29986000000002,47.11548
7.21475000000004,47.09713
7.20054000000005,47.0700600000001
7.22837000000004,47.0603600000001
7.29087000000004,47.0987900000001
7.15630000000004,47.0945400000001
7.49564000000004,46.6585000000001
7.56459000000007,46.6481900000001
7.55259000000007,46.6605000000001
7.43585000000007,46.6567000000001
7.62307000000004,46.69275
7.67485000000005,46.6898800000001
7.63510000000002,46.6744800000001
7.56308000000007,46.7210600000001
8.28993000000003,46.6546500000001
8.19862000000006,46.73965
8.22858000000002,46.7056200000001
8.18535000000003,46.7280000000001
8.19040000000007,46.7194700000001
7.39051000000006,46.62897
7.44137000000006,46.4569700000001
7.39625000000007,46.5081300000001
7.37240000000003,46.5530200000001
7.26743000000005,46.3870900000001
7.32207000000005,46.42483
7.25992000000002,46.4897800000001
7.32861000000003,46.7673500000001
7.39271000000002,46.7798000000001
7.34217000000007,46.81877
7.49916000000007,46.8913900000001
7.49985000000004,46.78556
7.54675000000003,46.8397800000001
7.53348000000005,46.77957
7.57030000000003,46.8172900000001
7.49862000000007,46.8382
7.47073000000006,46.9110000000001
7.54786000000007,46.8207100000001
7.47643000000005,46.80931
7.43894000000006,46.8215000000001
7.54086000000007,46.7871000000001
7.49092000000007,46.8589200000001
7.57337000000007,46.79501
7.50975000000005,46.7698300000001
7.47160000000002,46.8815900000001
7.50723000000005,46.8153100000001
7.79583000000002,46.8750600000001
7.79117000000002,46.9380400000001
7.74112000000002,46.9662300000001
7.74307000000005,46.85556
7.71853000000004,46.9841300000001
7.86061000000007,46.82755
7.72117000000003,46.91729
7.87679000000003,46.9407600000001
7.84430000000003,46.9231300000001
7.58055000000007,46.7274600000001
7.52061000000003,46.74096
7.69825000000003,46.82865
7.77750000000003,46.78821
7.66876000000002,46.7969000000001
7.68682000000007,46.75001
7.60607000000005,46.79213
7.65850000000006,46.73519
7.67901000000006,46.77313
7.75152000000003,46.7792600000001
7.66909000000004,46.7308200000001
7.72441000000003,46.7934500000001
7.53670000000005,46.7256800000001
7.71363000000002,46.71716
7.63475000000005,46.77878
7.71217000000007,46.76829
7.57245000000006,46.75203
7.63026000000002,46.75694
7.55367000000007,46.73837
7.57166000000007,46.7743
7.70845000000003,46.7959500000001
7.72457000000003,46.81775
7.52942000000007,46.7556000000001
7.73224000000005,47.0649000000001
7.79160000000007,47.08998
7.85065000000003,47.07908
7.84592000000004,47.1139400000001
7.68498000000005,47.00645
7.67234000000008,47.0249000000001
7.73687000000007,47.0250500000001
7.73677000000004,47.0169900000001
7.77869000000004,47.1132200000001
7.83004000000005,47.07581
7.61267000000004,47.24688
7.70701000000003,47.2237200000001
7.71206000000006,47.17348
7.62386000000004,47.2667000000001
7.72100000000006,47.2195300000001
7.69910000000004,47.20867
7.70378000000005,47.19154
7.66775000000007,47.20214
7.69127000000003,47.2712700000001
7.69297000000006,47.1850200000001
7.66019000000006,47.2621
7.73659000000004,47.15034
7.64209000000005,47.2641300000001
7.66548000000006,47.1548900000001
7.72799000000003,47.1732900000001
7.69164000000006,47.23598
7.68264000000005,47.2308200000001
7.65480000000002,47.23569
7.64617000000004,47.2515700000001
8.05576000000002,47.02016
8.0626,46.99366
8.01586000000003,46.88388
8.04997000000003,46.97925
8.02895000000007,47.0113600000001
8.01980000000003,46.9537700000001
8.10300000000007,47.0553600000001
7.93613000000005,46.9170100000001
8.24110000000007,47.25674
8.32071000000008,47.1527300000001
8.30352000000005,47.07881
8.24087000000003,47.22788
8.32005000000004,47.13257
8.26328000000007,47.2249600000001
8.28596358600004,47.1692586710001
8.31566000000004,47.1791900000001
8.34991000000002,47.12204
8.25684000000007,47.12956
8.24494000000004,47.1694900000001
8.27169000000004,47.09374
8.26360000000005,47.26773
8.36202000000003,47.07167
8.34623,47.09471
8.37091000000004,47.09668
8.34104000000002,47.08167
8.40062000000006,47.1276500000001
8.43009000000006,47.0558300000001
8.40664000000004,47.13316
8.31152000000003,47.0191500000001
8.27941000000004,47.03382
8.30437000000006,47.04954
8.18272000000007,47.0368100000001
8.37297000000007,47.04603
8.44328000000007,47.1246800000001
8.39018000000004,47.1152300000001
8.17323000000005,47.0164
8.40122000000002,47.0911600000001
8.48331000000007,47.01034
8.43473000000006,47.0323000000001
8.19195000000008,47.20646
8.09229000000005,47.21574
8.09387000000004,47.11443
8.16841000000005,47.1504800000001
8.10378000000003,47.1957100000001
8.04819000000003,47.13377
8.22907000000004,47.15076
8.07208000000003,47.1994
8.06643000000003,47.16779
8.20427000000007,47.0990100000001
8.13596000000007,47.13577
8.11549000000002,47.15781
8.15412000000003,47.2197100000001
8.12673000000007,47.08356
8.13821000000007,47.1725700000001
8.11110000000002,47.2236100000001
8.19221000000005,47.13471
8.10915,47.17528
8.07546000000002,47.2366000000001
8.07326000000006,47.0590100000001
8.00193000000007,47.1524400000001
7.88197000000002,47.1784200000001
7.96700000000004,47.20232
7.98905000000008,47.2130500000001
8.00849000000005,47.18485
8.01762000000002,47.14793
7.90876000000003,47.1533200000001
7.88801000000007,47.1702300000001
7.95672000000008,47.08423
7.91617000000002,47.05922
8.03900000000004,47.08306
7.97380000000004,47.19016
7.89931000000007,47.2288
7.97144000000003,47.2437200000001
7.88600000000002,47.2116500000001
7.98932000000002,47.1706300000001
7.89627000000007,47.11695
8.02158000000003,47.1854300000001
7.97018000000003,47.26275
7.92698000000007,47.1364800000001
7.95826788100004,47.139646021
8.64347000000004,46.88187
8.59475000000003,46.6329500000001
8.62813000000006,46.8665500000001
8.66381000000007,46.8756300000001
8.65028000000007,46.82367
8.62479000000008,46.9005100000001
8.58936000000006,46.6679600000001
8.62147000000004,46.72788
8.56747000000007,46.61794
8.56449000000003,46.91072
8.50174000000004,46.59777
8.65518000000003,46.86515
8.61643000000004,46.88187
8.58533000000006,46.9748500000001
8.66973000000007,46.7857900000001
8.62189000000006,46.9503
8.73450000000003,46.8717800000001
8.76955000000004,46.86357
8.59894000000003,46.7059600000001
8.77990881400007,47.117937398
8.51971231300007,46.997883175
8.74778000000003,47.18733
8.75776000000008,47.2062900000001
8.72010000000006,47.1958900000001
8.44992024500004,47.082441574
8.82921000000005,47.1926
8.87522000000007,47.18235
8.91604000000007,47.1063
8.85377000000005,47.1915700000001
8.97452000000004,47.1704300000001
8.92899000000006,47.17341
8.94161000000003,47.20302
8.90135000000004,47.1198800000001
8.89640000000003,47.1912800000001
8.71461000000005,47.0681200000001
8.52244000000007,47.0628400000001
8.72369000000003,46.98729
8.61395000000005,47.0006900000001
8.58276000000006,47.0338400000001
8.61836000000005,46.9815800000001
8.75830000000008,46.9739700000001
8.77979000000005,47.0381100000001
8.66607000000005,46.9467300000001
8.67586000000006,47.10423
8.62962000000005,47.0806700000001
8.65365,47.0211
8.61277000000007,47.0503800000001
8.58491000000004,47.05386
8.80197,47.0593
8.27037000000007,46.93879
8.40440000000007,46.82097
8.18493000000007,46.83435
8.27498000000003,46.9008200000001
8.15969000000007,46.78576
8.23883000000006,46.86884
8.24483000000004,46.8933700000001
8.47216000000003,46.96903
8.42026000000004,46.9735600000001
8.39214000000004,46.9348400000001
8.51988000000006,46.9562500000001
8.4138,46.98516
8.33873000000006,46.9569100000001
8.31121000000007,46.98314
8.38696000000004,46.95752
8.36591000000004,46.9572600000001
8.33760000000007,46.9795300000001
8.39571000000007,46.9105200000001
9.05312000000004,47.1254700000001
9.07502219407991,46.9948090681922
9.06887556327431,47.0409424068784
8.52633000000003,47.1947200000001
8.45898000000005,47.1809400000001
8.42712000000006,47.17632
8.59044000000006,47.1784900000001
8.57657000000006,47.2028900000001
8.61553000000004,47.1342000000001
8.46603000000005,47.13413
8.48466000000008,47.1968900000001
8.58383000000003,47.1374000000001
8.51196000000004,47.1009900000001
8.51437325122727,47.1744270516723
6.82703000000004,46.83302
6.89260000000007,46.8146800000001
6.91600000000005,46.79814
6.93709000000007,46.8953000000001
6.84504000000004,46.83365
6.88066000000003,46.78328
6.99605000000003,46.81751
6.83281000000005,46.7824600000001
6.79325000000006,46.72792
6.98009000000008,46.8900400000001
6.87532000000004,46.8386800000001
6.86009000000007,46.7450000000001
6.95087000000007,46.8826
6.86805000000004,46.8162300000001
6.96843000000007,46.9144700000001
7.01513000000006,46.8653
6.84832000000006,46.8488
6.78805000000006,46.8158900000001
6.80546000000004,46.58185
6.89880000000005,46.6903600000001
6.83462000000003,46.58696
6.97791000000007,46.6773600000001
6.93879000000004,46.7541600000001
6.80851000000007,46.6095800000001
6.96129000000008,46.6757700000001
6.97486000000004,46.7025300000001
6.92613000000006,46.67668
6.81265000000008,46.64505
6.91478000000006,46.69079
6.82098000000008,46.61906
6.87454000000002,46.6568300000001
6.83542000000006,46.6343900000001
6.92890000000006,46.6563600000001
6.99520000000007,46.71642
6.96582000000006,46.7706900000001
6.95669000000004,46.72126
7.05614000000003,46.51883
7.08664000000005,46.68566
7.11266000000006,46.62026
7.09994000000006,46.60321
7.05740000000003,46.61859
7.12890000000004,46.6132700000001
7.10185000000007,46.6593
7.14131,46.61867
7.07231000000007,46.64885
7.08557000000008,46.53948
7.08019000000007,46.5824200000001
7.10976000000005,46.66934
7.27751000000006,46.6112600000001
7.06461000000007,46.6565800000001
7.08408000000003,46.62465
7.05754000000007,46.5964200000001
7.11271000000005,46.6964400000001
7.06131000000005,46.63849
7.13820000000004,46.69692
6.97436000000005,46.6355300000001
7.05338000000006,46.6696000000001
6.99042000000003,46.6210100000001
7.01946000000004,46.6173700000001
7.08423000000005,46.5671600000001
7.16416000000004,46.6192100000001
7.01836000000003,46.7365800000001
7.07207000000005,46.78835
7.10585000000003,46.82032
7.00353000000007,46.7423400000001
7.10154000000006,46.80717
7.03090000000003,46.75188
7.16490000000005,46.74641
7.15357000000006,46.80382
7.13110000000006,46.8138700000001
7.14245000000005,46.82505
7.07073000000003,46.8333000000001
7.16084000000006,46.7766300000001
7.09488000000005,46.7857500000001
7.06470000000007,46.76786
7.18559000000005,46.7865200000001
7.04269000000005,46.81697
7.18017,46.75008
7.13652000000008,46.7278900000001
7.13012000000003,46.79596
7.16882000000004,46.7633700000001
7.09594000000004,46.7609100000001
7.00492000000003,46.7592700000001
7.13718000000006,46.8408900000001
7.06571000000002,46.72182
7.01745000000005,46.7857100000001
7.14635000000004,46.7534000000001
7.11152000000004,46.90792
7.12406000000004,46.8647
7.14005000000003,46.8987100000001
7.20834000000002,46.9981300000001
7.09436000000005,46.91103
7.17319000000003,46.89367
7.19567000000006,46.9758600000001
7.20456000000007,46.8943400000001
7.10927000000004,46.9256
7.06559000000004,46.8527700000001
7.12356000000005,46.93521
7.11891000000003,46.9294200000001
7.18657000000007,46.9536600000001
7.20114000000007,46.93224
7.10818000000006,46.9574900000001
7.27910000000003,46.7587500000001
7.19032000000004,46.85058
7.20865000000003,46.7622400000001
7.22809000000007,46.89273
7.29957000000007,46.8268
7.28687000000002,46.7410100000001
7.25060000000008,46.7352000000001
7.24193000000002,46.7678500000001
7.21616000000006,46.74346
7.21838000000002,46.7895600000001
7.24854000000005,46.8557300000001
7.21588000000003,46.8151700000001
7.19904000000002,46.76858
7.31057000000004,46.8647800000001
7.31671000000006,46.8900800000001
6.84931000000006,46.5092000000001
6.85223000000008,46.52597
6.90162000000004,46.52759
6.82937000000004,46.5245600000001
6.87885000000006,46.5283600000001
6.87300000000005,46.5759
6.92703000000006,46.5728
6.86671000000007,46.60044
6.92142000000007,46.5904200000001
7.79332000000005,47.3212600000001
7.81702000000007,47.3090500000001
7.75379000000004,47.2831100000001
7.79500000000007,47.3025900000001
7.76730000000003,47.29591
7.76633000000004,47.3133500000001
7.71725000000004,47.2903600000001
7.79946000000007,47.2698800000001
7.61033000000003,47.30458
7.69582000000003,47.3158700000001
7.59463000000005,47.2936
7.75323000000003,47.3325
7.65452000000005,47.3120000000001
7.62921000000006,47.3067500000001
7.70240000000007,47.3414000000001
7.52780000000007,47.2807900000001
7.41535000000005,47.11355
7.50957000000005,47.1624600000001
7.45224000000007,47.09166
7.39045000000004,47.1119
7.48459000000003,47.1194600000001
7.50223000000005,47.19048
7.50821000000008,47.1413600000001
7.50982000000005,47.49019
7.67303000000004,47.44917
7.61697000000004,47.4787700000001
7.65879000000007,47.4763800000001
7.64047000000005,47.4573
7.51600000000008,47.47567
7.46508000000006,47.46592
7.69021000000004,47.46077
7.45648000000006,47.4806400000001
7.65916000000004,47.4341200000001
7.52242000000007,47.48468
7.87318000000005,47.3764800000001
7.96675000000005,47.4391400000001
7.94678000000005,47.38654
7.99447000000004,47.3726100000001
7.95230000000004,47.3645300000001
7.97066000000007,47.3930100000001
7.89936000000006,47.36143
7.93282000000005,47.36467
7.88635000000005,47.39268
8.00837000000007,47.3982600000001
7.66078000000005,47.1809500000001
7.55708000000004,47.18141
7.66354000000007,47.1924000000001
7.62078000000002,47.2136600000001
7.58954000000006,47.2003500000001
7.64621000000005,47.1873600000001
7.57390000000004,47.17076
7.60392000000007,47.1702500000001
7.62309000000005,47.1816400000001
7.63610000000006,47.1847700000001
7.59796000000006,47.1755700000001
7.52480000000003,47.1698200000001
7.58805000000007,47.21612
7.58161000000007,47.16027
7.60441000000003,47.1779000000001
7.59382000000005,47.16267
7.61344000000003,47.1945200000001
7.55730000000005,47.2035000000001
7.63615000000004,47.15698
7.55858000000006,47.25311
7.49916000000007,47.2127100000001
7.42964000000006,47.1981700000001
7.55625000000003,47.2210400000001
7.59779000000003,47.23988
7.39940000000007,47.1928800000001
7.57660000000004,47.25757
7.59042000000005,47.2463300000001
7.59410000000003,47.2536900000001
7.51462000000004,47.2226400000001
7.47154000000006,47.2223900000001
7.50160000000005,47.2306400000001
7.56860000000006,47.22995
7.53311000000002,47.23229
7.45748000000003,47.20304
7.85670000000005,47.30798
7.98046000000005,47.35574
7.94465000000002,47.34628
8.02521000000007,47.3837300000001
7.83353000000005,47.2751500000001
7.99671000000006,47.3615800000001
7.82958000000002,47.3174500000001
7.84461000000005,47.3371300000001
7.84779000000003,47.3242300000001
7.89966103500007,47.3386200750001
7.85703000000007,47.3397200000001
8.00299000000007,47.37228
7.92722000000003,47.3523900000001
7.95991000000004,47.32404
7.86821000000003,47.3429300000001
7.54334,47.20341
7.47231000000005,47.3820200000001
7.58664000000005,47.36256
7.54399000000006,47.40907
7.53979000000004,47.3910300000001
7.54196000000007,47.3722000000001
7.58043000000004,47.3952200000001
7.50185000000005,47.3815700000001
7.59787000000006,47.4220800000001
7.41602000000006,47.4258300000001
7.59038000000004,47.3896800000001
7.62109000000004,47.39358
7.60013000000004,47.3906700000001
7.58781000000005,47.5488
7.66499000000005,47.5708700000001
7.64948000000004,47.58441
7.59807000000006,47.4669700000001
7.53811000000007,47.55159
7.61867,47.49461
7.52535000000006,47.50521
7.57122000000004,47.53806
7.61970000000002,47.55422
7.57188000000002,47.5233700000001
7.54443000000003,47.4810200000001
7.62087000000002,47.51241
7.64535000000006,47.5232
7.55503000000004,47.51376
7.58970000000005,47.45896
7.59093000000007,47.4933
7.50268000000005,47.53763
7.55644000000007,47.49913
7.51819000000006,47.4490700000001
7.54282000000006,47.4187600000001
7.44246000000004,47.4574000000001
7.49767000000003,47.4390300000001
7.60584000000006,47.4524400000001
7.58909000000006,47.4420000000001
7.49292176500006,47.427272757
7.42153000000008,47.3960000000001
7.56149000000005,47.4473400000001
7.34124000000003,47.4341700000001
7.47609000000006,47.42467
7.51551000000006,47.4014300000001
7.53098000000006,47.4383100000001
7.76545000000004,47.5097700000001
7.71979000000005,47.53549
7.73576000000003,47.45041
7.71512000000007,47.5028800000001
7.72982000000007,47.50561
7.74649000000005,47.5234600000001
7.78351000000004,47.49174
7.76543000000004,47.4702
7.72802066500003,47.481605787
7.69481000000007,47.4463700000001
7.69179000000003,47.5207
7.76375000000007,47.4498600000001
7.71820000000002,47.46038
7.70742000000007,47.4309400000001
7.94162000000006,47.4509100000001
7.84005000000008,47.46331
7.84505000000007,47.4077100000001
7.85983000000004,47.50814
7.83814000000007,47.44555
7.85341000000005,47.46628
7.86600000000004,47.41504
7.89271000000002,47.4885800000001
7.78856000000007,47.46673
7.83713000000006,47.41204
7.89824000000004,47.4263700000001
7.85515000000004,47.3954800000001
7.84424000000007,47.5240400000001
7.80436000000003,47.4911500000001
7.92960000000005,47.4322500000001
7.87240000000003,47.46993
7.85089000000005,47.48238
7.91536000000002,47.4600600000001
7.84809000000007,47.42632
7.88394000000005,47.43312
7.81186,47.46303
7.88555000000002,47.44879
7.81007000000005,47.43717
7.82842000000005,47.4568400000001
7.90674000000007,47.4413200000001
7.82393000000008,47.49422
7.84230000000002,47.4251100000001
7.90655000000004,47.4164000000001
7.80796000000004,47.4485900000001
7.71721000000002,47.4155000000001
7.78021000000007,47.4035000000001
7.65278000000006,47.3977100000001
7.81053000000003,47.4119200000001
7.82083000000006,47.385
7.77010000000007,47.4260400000001
7.75873000000007,47.4252700000001
7.76798000000002,47.34927
7.67568000000006,47.3902100000001
7.71925000000005,47.39185
7.75206000000003,47.40504
7.74891000000002,47.38978
7.69166000000007,47.3971000000001
7.71746000000007,47.4015900000001
7.74844,47.383
8.50048000000004,47.7043800000001
8.54816000000005,47.70131
8.49844000000007,47.68944
8.65446000000003,47.7582400000001
8.71934000000005,47.7074400000001
8.66913000000005,47.7553500000001
8.65987000000007,47.7390800000001
8.71027000000004,47.74767
8.61203000000006,47.79285
8.57783000000006,47.69649
8.55728000000005,47.5721800000001
8.60915000000006,47.76108
8.61983000000004,47.6817100000001
8.57195000000007,47.5796300000001
8.63159000000007,47.6953
8.53691000000003,47.7667900000001
8.51573190200003,47.748017029
8.52380000000005,47.71239
8.78404000000006,47.7173900000001
8.83129000000002,47.6779100000001
8.81148000000007,47.7071500000001
8.85967000000005,47.65912
8.45879000000002,47.6974000000001
8.47728000000006,47.70532
8.43436000000003,47.66448
8.46835000000004,47.66756
9.27818000000008,47.3851100000001
9.32069000000007,47.3658300000001
9.22691,47.32649
9.24955000000006,47.3521900000001
9.34357,47.37499
9.28360000000004,47.31744
9.28522000000004,47.35756
9.42461000000003,47.3730800000001
9.45361000000003,47.3623400000001
9.44337000000007,47.4107100000001
9.36682489962077,47.3878551945215
9.46458000000007,47.40795
9.5092,47.4483
9.53258000000005,47.4444100000001
9.57065000000006,47.4599700000001
9.48335000000003,47.4260800000001
9.57521,47.42027
9.48914,47.41533
9.60411000000005,47.45066
9.55048000000005,47.4537
9.40768000000003,47.3314300000001
9.34432000000004,47.3265500000001
9.36714000000006,47.36947
9.55041000000006,47.42265
9.43342000000007,47.3192900000001
9.34303000000006,47.49384
9.32651000000004,47.5202200000001
9.37361000000004,47.4264900000001
9.37425000000007,47.46297
9.40717000000006,47.48627
9.47203000000007,47.4426300000001
9.46567000000005,47.4742400000001
9.42216000000008,47.4686100000001
9.4936,47.47825
9.51369000000005,47.47713
9.44197000000003,47.5032200000001
9.45199000000002,47.4856100000001
9.45156000000003,47.4548
9.64063,47.43604
9.61018000000007,47.4073100000001
9.61048000000005,47.4252000000001
9.65654000000006,47.3848100000001
9.58976000000007,47.4676900000001
9.63481000000007,47.45147
9.56791000000004,47.4654100000001
9.63463000000007,47.4056200000001
9.54969000000006,47.3752000000001
9.52981000000005,47.34297
9.56882000000007,47.3919700000001
9.56462000000005,47.32039
9.58507000000003,47.3989300000001
9.53779000000003,47.2937700000001
9.47167000000007,47.1653400000001
9.44227000000006,47.2040700000001
9.44699000000003,47.1806500000001
9.50419000000005,47.2611800000001
9.48788000000008,47.1220700000001
9.47670000000005,47.0803100000001
9.50514023044446,47.0097277801719
9.34255000000007,47.09175
9.42094000000003,47.0456600000001
9.50035000000003,46.9888
9.24118000000004,47.1079
9.43611000000004,47.05024
9.43148000000002,47.03166
9.31313000000006,47.12462
9.13822000000005,47.14901
9.00541000000004,47.19766
9.02518000000003,47.2132
9.04599000000007,47.16024
9.10160000000008,47.13617
8.94529000000006,47.2260400000001
8.98604000000006,47.2252300000001
8.81715000000003,47.2253400000001
9.02080000000007,47.2341900000001
8.92091000000005,47.2408
9.13161000000002,47.2588000000001
9.35082000000006,47.20307
9.19936000000007,47.22418
9.08777,47.32374
9.08655000000005,47.30001
9.04028000000005,47.41087
9.08145000000007,47.39484
9.04308000000003,47.3621400000001
9.07228000000003,47.36244
9.13490000000007,47.3630900000001
9.20011000000005,47.3739100000001
9.18889000000007,47.41486
9.08569000000006,47.4238700000001
9.12335000000007,47.42967
9.13295000000005,47.43715
9.20361000000003,47.4658000000001
9.18823000000003,47.4786700000001
9.16316000000006,47.45115
9.11137000000002,47.4748900000001
9.05105000000003,47.46637
9.27624000000003,47.43917
9.31907000000007,47.4219200000001
9.25495000000006,47.41441
9.28590000000003,47.46907
9.55786000000006,46.7245800000001
9.56328000000008,46.6857900000001
9.67337,46.68798
9.64686000000006,46.6786900000001
9.59833000000003,46.59646
9.74625000000003,46.62978
10.12621,46.25816
10.05684,46.32656
9.23160000000007,46.8008100000001
9.25716000000006,46.8056500000001
9.25616000000002,46.7911700000001
9.22607000000005,46.7882000000001
9.18030000000005,46.61756
9.17336000000006,46.7176000000001
9.20463000000007,46.77462
9.44675000000007,46.72101
9.42770000000007,46.76802
9.45793000000003,46.71702
9.45555000000007,46.7018100000001
9.42830000000004,46.72243
9.40671000000003,46.70099
9.42623000000003,46.70183
9.43949000000003,46.6957600000001
9.38866000000007,46.68758
9.40185000000002,46.6924500000001
9.31413000000003,46.681
9.44136000000003,46.7621100000001
9.51287000000002,46.4728000000001
9.36648000000002,46.57048
9.42621000000003,46.6028900000001
9.44180000000006,46.6750500000001
9.44518000000005,46.63577
9.43929000000003,46.55733
9.24361000000005,46.53891
9.42911000000004,46.6290700000001
9.39999000000006,46.8113700000001
9.45099000000005,46.8354400000001
9.39801000000006,46.7985600000001
9.47642000000008,46.8446000000001
9.28523000000007,46.8366800000001
9.40724000000006,46.8299400000001
9.36204000000004,46.8283200000001
10.09461,46.7002900000001
10.3613,46.94449
10.3030900000001,46.79886
10.38152,46.83167
9.88914000000005,46.5519400000001
9.86007000000006,46.51268
9.93653000000006,46.5853700000001
9.90199000000007,46.49355
9.92495000000002,46.5796800000001
9.87309000000005,46.5360400000001
9.83816000000007,46.4970500000001
9.98312000000004,46.6116200000001
9.76417000000004,46.4287600000001
9.79571000000004,46.4602300000001
9.95984000000004,46.6027800000001
9.62156000000004,46.3510200000001
9.10708000000005,46.2732800000001
9.13963000000007,46.25744
9.12555000000003,46.3726
9.14456000000007,46.2630800000001
9.19601000000006,46.31312
9.23291000000006,46.39165
9.22179000000006,46.3656300000001
9.16913000000005,46.27099
9.14654000000007,46.2478300000001
9.12835,46.23675
9.10739000000007,46.2385600000001
9.11411000000004,46.30298
10.4458000000001,46.62442
9.82054000000005,46.79306
9.74265000000003,46.9152800000001
9.67876000000007,46.9369800000001
9.71874000000003,46.9290800000001
9.88017000000002,46.8800400000001
9.79851000000002,46.90169
9.77798000000007,46.9144600000001
9.76617000000005,46.9203400000001
9.53130000000004,46.85033
9.54385000000008,46.7785400000001
9.67673000000002,46.77806
9.60564000000005,46.8194100000001
9.56282000000004,46.89946
9.53512000000006,46.9276400000001
9.56552000000005,46.9363700000001
9.51320000000004,47.02651
9.55500000000006,47.00089
9.53154000000006,47.00714
9.57633000000004,46.98238
9.56267655200003,46.9626646410001
9.64704000000006,46.9810400000001
9.68701000000004,46.9696300000001
9.63897000000003,46.9900700000001
9.06256000000008,46.7674200000001
8.85312000000005,46.7045900000001
8.84911000000005,46.6408900000001
8.93571000000003,46.72738
8.77361000000008,46.6795500000001
8.99066000000005,46.7431100000001
9.09989000000007,46.74872
8.04642,47.39087
8.08358000000004,47.4138800000001
8.07563000000005,47.38807
8.05320000000006,47.45471
8.01129000000003,47.4067400000001
8.09616000000005,47.36031
8.05266000000006,47.31854
8.04822000000007,47.4148900000001
8.05394000000007,47.3407700000001
8.04665000000006,47.35603
8.07911000000007,47.37172
8.04462000000007,47.3672800000001
8.3081,47.47676
8.34559000000007,47.3902100000001
8.38570000000004,47.3889600000001
8.24793000000005,47.46009
8.31284000000005,47.4777300000001
8.29136000000005,47.43616
8.32716000000005,47.50537
8.23755000000006,47.4807500000001
8.35275000000007,47.4323000000001
8.33031000000005,47.38953
8.22971000000007,47.41144
8.27337000000006,47.4185800000001
8.32619000000005,47.45043
8.30425000000002,47.4244800000001
8.31648000000007,47.41812
8.29306000000003,47.4866900000001
8.32674000000003,47.40819
8.36568000000005,47.4180400000001
8.30723000000006,47.4000300000001
8.26334000000003,47.49981
8.32671,47.46592
8.25936000000007,47.41148
8.25416000000007,47.5334300000001
8.36175000000003,47.4433700000001
8.33942000000008,47.4926300000001
8.42377000000005,47.31994
8.37279000000007,47.35017
8.31789254700004,47.3482634580001
8.27116000000007,47.3273600000001
8.24084000000005,47.3841200000001
8.33951000000008,47.3701100000001
8.30903000000006,47.37012
8.25438000000003,47.3874500000001
8.39533000000006,47.29627
8.29510000000005,47.3777200000001
8.38964000000004,47.31203
8.38570000000004,47.33414
8.38164000000006,47.3682900000001
8.24694000000005,47.30981
8.27881000000002,47.4037500000001
8.27542000000005,47.3157
8.38031000000007,47.3223600000001
8.24461000000002,47.3474100000001
8.36171000000007,47.3671900000001
8.27813000000003,47.35062
8.35784000000007,47.3480900000001
8.43911000000003,47.3230600000001
8.13498000000004,47.4167
8.20272000000006,47.4361700000001
8.24459000000007,47.4327000000001
8.20905,47.48172
8.18380000000008,47.46241
8.21157000000005,47.46207
8.20477000000005,47.4402400000001
8.18594000000007,47.54684
8.14242000000007,47.51849
8.23939000000007,47.45775
8.18923000000007,47.5150800000001
8.18884000000003,47.4943200000001
8.20573000000007,47.5097700000001
8.09641000000005,47.4363200000001
8.14788000000004,47.43701
8.21538000000004,47.5236400000001
8.16511000000003,47.4711300000001
8.21840000000003,47.4789900000001
8.15707000000003,47.4975600000001
8.14183000000003,47.4471
8.20290000000006,47.26638
8.19683000000003,47.2900900000001
8.15784000000002,47.3212100000001
8.14385000000004,47.27991
8.03612000000004,47.32205
8.16913000000005,47.27221
8.17398000000003,47.3088100000001
8.18755000000004,47.24028
8.12333000000007,47.29967
8.18304000000006,47.2514400000001
8.08930000000004,47.2906300000001
8.10493000000002,47.2695000000001
8.05139000000003,47.3075400000001
8.11941000000007,47.3283700000001
8.11496000000005,47.31046
8.15189000000004,47.2849200000001
7.99648000000008,47.52813
8.02332000000007,47.50611
8.13228000000004,47.5461000000001
8.00540000000007,47.4999
8.04521000000005,47.53788
8.0612,47.55994
7.96773000000007,47.53966
8.00573000000003,47.45167
8.01530000000002,47.51944
8.14704000000006,47.5868400000001
7.99265000000003,47.5531100000001
7.98453000000006,47.48308
7.99740000000003,47.4621100000001
8.08802000000003,47.4783600000001
8.12575000000004,47.5643200000001
8.08158000000003,47.49519
8.05268000000007,47.48177
8.20718000000005,47.3694800000001
8.18498000000005,47.31604
8.21712000000002,47.4190800000001
8.22796000000005,47.36542
8.18894000000006,47.34999
8.24213000000003,47.29477
8.17326000000003,47.3302400000001
8.21919000000003,47.38584
8.16676000000007,47.43192
8.12273000000005,47.3864400000001
8.17888767293142,47.3870456981674
8.22892000000007,47.2950000000001
8.18275000000006,47.4161700000001
8.17612000000003,47.4013600000001
8.21376000000004,47.4006900000001
8.12927000000008,47.40223
8.14276000000007,47.37685
8.20457000000005,47.32647
8.16038000000003,47.3467400000001
8.16561000000007,47.3823
8.35461000000004,47.1746400000001
8.36162000000007,47.2874
8.36459000000002,47.21151
8.34586,47.23046
8.34730000000008,47.3124
8.26519000000008,47.29033
8.31529000000006,47.2993900000001
8.32233000000002,47.3082000000001
8.30976000000004,47.27029
8.39420000000007,47.1474900000001
8.32235000000003,47.2486200000001
8.29495000000003,47.3177200000001
8.37209000000007,47.26084
8.38993000000005,47.2285900000001
8.35015423900006,47.2477807270001
8.39441000000005,47.1654
8.36216000000007,47.31449
8.39624000000003,47.18823
8.30028000000004,47.33475
7.92536000000007,47.5085800000001
7.72571000000005,47.53887
7.81438000000003,47.5268100000001
7.84354000000008,47.5609200000001
7.92268000000007,47.5456300000001
7.93496000000005,47.53139
7.78245000000004,47.5208900000001
7.79135,47.55118
7.96510000000006,47.5137800000001
7.95590000000004,47.54148
7.90576000000004,47.55726
7.93276000000003,47.4982600000001
7.87232000000006,47.5427300000001
7.90230000000003,47.52392
7.89907000000005,47.32019
8.00831000000005,47.28767
7.94660000000005,47.2601300000001
8.06386000000003,47.2749700000001
8.02446000000003,47.3365000000001
8.06465000000003,47.26919
7.83715000000007,47.26833
7.92092000000002,47.31654
8.04310000000004,47.25332
7.87796000000003,47.3056700000001
7.98365000000007,47.31892
8.04232000000007,47.2845300000001
7.92978000000005,47.2783600000001
8.02486000000005,47.30494
7.90133000000003,47.27576
8.02359000000007,47.2679800000001
7.95218766100004,47.285211765
8.22236000000004,47.5568000000001
8.25662000000005,47.5698300000001
8.29072000000002,47.5370100000001
8.40890000000007,47.56422
8.20341000000008,47.61654
8.24942000000004,47.5808400000001
8.23479000000003,47.6084700000001
8.17469000000006,47.5903200000001
8.32711000000006,47.5225800000001
8.21974000000006,47.5788700000001
8.35154000000006,47.5683700000001
8.36650000000003,47.5165500000001
8.38003000000003,47.5457500000001
8.28446000000002,47.5611500000001
8.29296000000005,47.5888200000001
9.42623,47.51529
9.31977000000006,47.57575
9.38185000000004,47.54425
9.30300000000005,47.5637800000001
9.46410000000003,47.4956000000001
9.31600000000003,47.5904200000001
9.39722000000006,47.50116
9.37797000000006,47.5657100000001
9.37093000000004,47.5540800000001
9.28557000000006,47.5694800000001
9.34311000000002,47.58241
9.29898000000003,47.5451100000001
9.24076000000002,47.4942600000001
9.23303000000004,47.5481800000001
9.25084000000004,47.47896
9.22495000000004,47.5076100000001
9.20170000000007,47.5242200000001
9.18339000000003,47.54011
9.25868000000003,47.51919
8.74686000000003,47.6690300000001
8.74992000000003,47.6895000000001
8.69891000000007,47.6564700000001
8.90189000000004,47.48911
8.94252000000006,47.57966
8.89723000000004,47.5554900000001
8.85208000000006,47.5378700000001
8.97649000000007,47.5778700000001
8.93403000000006,47.5202200000001
8.76703000000003,47.6066200000001
8.95526000000007,47.5240900000001
8.96267000000006,47.5458
8.83151000000004,47.58025
8.87359000000004,47.5839800000001
9.26361000000003,47.60875
9.21043000000003,47.6394300000001
9.08351000000005,47.6691300000001
9.13502000000005,47.6638400000001
9.28802000000007,47.6037700000001
9.16807000000006,47.61035
9.15851447400007,47.6236830280001
9.24763000000007,47.5929300000001
9.19390000000004,47.62512
9.22911000000005,47.6325400000001
9.13133000000005,47.65556
9.09482000000003,47.6344500000001
9.03092000000004,47.5264900000001
9.02541000000002,47.49526
8.92225000000008,47.4481900000001
9.07315000000006,47.50302
8.97053000000005,47.46486
8.96907000000004,47.4148300000001
8.99554000000006,47.5173100000001
8.99937,47.47692
9.05004000000002,47.44768
9.14134000000007,47.51532
8.99714000000006,47.46214
9.03039000000007,47.5119800000001
8.95317000000006,47.4968200000001
9.03591000000006,47.45142
9.10580000000004,47.4948800000001
9.02000000000004,47.6731
8.86989000000005,47.6487700000001
8.90812000000005,47.6044400000001
9.00956000000002,47.6344300000001
8.87023000000005,47.6073500000001
8.91636000000005,47.64572
9.00320000000005,47.60272
8.95156000000003,47.5951900000001
9.04261000000002,47.63239
9.05501000000004,47.67344
8.98193000000003,47.6656600000001
8.85175000000004,47.6583600000001
9.04690000000005,47.56233
9.16684000000004,47.5790900000001
9.19650000000007,47.5825400000001
9.15224000000006,47.55017
9.07874000000004,47.55773
9.06768000000005,47.59365
9.10482,47.5672
9.03454000000005,47.59747
9.04220000000004,46.21333
9.02414000000005,46.1945400000001
8.95230000000004,46.14957
8.98715000000004,46.12962
9.06528000000003,46.23074
8.97895000000005,46.1534800000001
8.94272000000007,46.45619
8.95376785800005,46.499951535
8.98096000000004,46.4114200000001
8.60955000000007,46.52784
8.51223000000005,46.5061400000001
8.90646000000004,46.38059
8.77437000000003,46.4750700000001
8.79345000000006,46.48015
8.87515000000008,46.40295
8.91831000000008,46.37017
8.94618000000003,46.3637000000001
8.75715000000002,46.4839200000001
8.71349000000004,46.5106900000001
8.77321000000006,46.1543300000001
8.81435000000005,46.18285
8.71040000000005,46.1190700000001
8.86041000000006,46.18093
8.88912,46.17894
8.79935,46.1674
8.75982000000005,46.16526
8.84650000000005,46.2087100000001
8.81295000000006,46.1764000000001
8.80121000000003,46.17285
8.79862000000003,46.1787200000001
8.72734000000003,46.14383
8.85044000000005,46.18116
8.62329000000005,46.2024400000001
8.91774000000004,46.17526
8.89934000000005,45.99677
8.87125000000003,46.0163400000001
8.98672000000005,45.95887
8.81812000000002,46.0118400000001
8.91879000000006,46.05062
8.84307000000007,46.0027700000001
8.90861000000007,46.01439
8.96456000000006,45.9503700000001
8.93763000000007,45.92936
8.89464000000004,46.02101
8.93432000000007,46.0361300000001
8.96589000000006,46.0353400000001
8.88194000000004,45.9710000000001
8.95479000000006,46.0373200000001
8.94543000000004,46.03709
8.86076000000003,46.0023600000001
8.92506000000003,45.96716
8.91762000000006,46.0423200000001
8.93145000000004,46.0453800000001
8.95120000000003,46.0029700000001
8.88812000000007,45.9833600000001
8.91900000000004,46.0345500000001
8.94513000000006,46.0130500000001
8.94729000000007,45.9547400000001
8.92073000000005,46.0964500000001
8.85876000000007,46.02464
8.91843000000006,45.9236000000001
8.92192000000006,45.99809
8.87991000000005,45.9871800000001
8.85569000000004,46.01023
8.94458000000003,46.0543700000001
8.94719000000003,45.99044
8.95025000000004,46.0590300000001
8.95221000000004,46.02603
8.86927000000003,45.98562
8.95066000000003,46.02354
8.93933000000004,45.99875
8.96609000000007,46.0684600000001
8.92217000000005,46.06516
8.88804000000005,45.99512
8.93747000000008,46.0236400000001
8.92178000000007,45.9306100000001
8.91694000000007,45.98191
8.90301000000005,46.0468500000001
8.92320000000007,46.1164900000001
8.81001000000003,45.99596
8.98476000000005,45.9218500000001
9.00753000000003,45.84975
9.00959000000006,45.8600700000001
9.03131000000008,45.83475
8.98757000000006,45.85438
8.98194815315111,45.8714214362065
9.01549000000006,45.8531300000001
8.98221000000007,45.8426900000001
8.97126000000003,45.9057100000001
8.93939000000006,45.85236
9.03432000000004,45.8481100000001
9.03086000000008,45.87233
8.96987000000007,46.35776
8.9852,46.30417
8.49123000000003,46.3169600000001
8.49527,46.28907
8.54750000000007,46.30524
8.60203000000007,46.31692
8.58417000000003,46.3083600000001
8.70746000000003,46.2456700000001
8.64718000000005,46.4085000000001
8.74222000000003,46.2252500000001
8.73093000000006,46.1858500000001
8.70093000000003,46.17776
8.78355000000005,46.1219600000001
8.79092,46.29713
6.96424,46.31701
7.01567000000006,46.25023
6.89424000000002,46.35015
6.95811000000003,46.34995
7.06178000000006,46.27392
7.01725000000005,46.2199400000001
7.01308000000006,46.34356
6.89917000000003,46.38156
6.99528000000004,46.29668
7.05346000000003,46.3616200000001
7.15872000000007,46.35002
6.91893000000005,46.3752200000001
6.92956000000004,46.36181
6.92614000000003,46.3982100000001
6.95897000000002,46.3313900000001
6.39176000000003,46.4952200000001
6.37502000000006,46.5543400000001
6.33837000000005,46.55906
6.33285000000006,46.5380500000001
6.35647000000006,46.4792400000001
6.37013000000007,46.4815400000001
6.30804000000006,46.5085300000001
6.25856000000005,46.49487
6.24703000000005,46.48893
6.36396000000002,46.5774900000001
6.26027000000005,46.51361
6.38800000000003,46.5079400000001
6.30880000000008,46.4987
6.33005000000003,46.51631
7.04078000000004,46.8800600000001
7.01874000000004,46.9556400000001
7.07860000000005,46.9085700000001
7.02354000000003,46.9241200000001
6.57661000000007,46.6273
6.56373000000002,46.60472
6.58375000000007,46.6079300000001
6.47207,46.616
6.45025000000004,46.60808
6.47806000000003,46.64246
6.50770000000006,46.6138300000001
6.43901000000005,46.62478
6.54885000000007,46.62064
6.49668000000003,46.6356900000001
6.52826000000005,46.65133
6.48480000000006,46.6580200000001
6.51009000000005,46.5863900000001
6.46402000000006,46.59175
6.41335000000004,46.61861
6.52763000000004,46.6342100000001
6.42092000000002,46.6059100000001
6.55143000000004,46.57784
6.45362000000006,46.6488400000001
6.40916000000004,46.64631
6.37694000000005,46.6003700000001
6.52323000000007,46.66542
6.52388000000008,46.61053
6.53835000000004,46.5997800000001
6.51066000000003,46.66664
6.51298000000003,46.65844
6.48813000000007,46.60069
6.56627000000003,46.5933600000001
6.53932000000003,46.5778800000001
6.62135000000006,46.6141000000001
6.70827000000003,46.6922300000001
6.66048000000006,46.61715
6.64554000000004,46.5979400000001
6.64027000000004,46.58502
6.63437000000005,46.6408900000001
6.63996000000003,46.7167200000001
6.61322000000007,46.60067
6.68371000000008,46.6754100000001
6.68792000000008,46.59923
6.62846000000008,46.5900500000001
6.57606000000004,46.64279
6.67531000000002,46.7014300000001
6.60371000000004,46.6817800000001
6.68342000000007,46.62789
6.69249000000002,46.6936400000001
6.60160000000008,46.6362700000001
6.63883000000004,46.65603
6.64777000000004,46.68627
6.66463000000005,46.6372400000001
6.60455000000007,46.65801
6.67083000000002,46.83968
6.55499000000003,46.8313900000001
6.65964000000002,46.8316600000001
6.71930000000003,46.85148
6.70833000000005,46.84718
6.62472000000002,46.8276300000001
6.62071000000003,46.8353500000001
6.61825000000005,46.81188
6.60647000000006,46.83842
6.64601000000005,46.80942
6.61501000000004,46.85569
6.72723000000008,46.8836400000001
6.59705000000002,46.8288700000001
6.68785000000003,46.8391700000001
6.72771000000006,46.8914300000001
6.50104000000005,46.8242500000001
6.62533000000008,46.84799
6.67819000000003,46.51989
6.60481000000004,46.58556
6.57744000000002,46.55323
6.67145000000005,46.5477700000001
6.59800000000007,46.5532200000001
6.63222000000007,46.5196
6.63546000000002,46.55697
6.67057000000005,46.5058900000001
6.60564000000005,46.5343100000001
6.65945000000005,46.51032
6.57941000000005,46.5390800000001
6.60389000000004,46.5632600000001
6.77627000000007,46.4821000000001
6.76952000000006,46.5411300000001
6.68569000000002,46.5035
6.78281000000004,46.5020400000001
6.77879000000007,46.47635
6.79603000000003,46.4733200000001
6.73217000000005,46.5383400000001
6.73030000000006,46.48821
6.51007000000004,46.56832
6.51489000000004,46.5447
6.42125000000004,46.4699800000001
6.55187000000006,46.55008
6.57729000000006,46.5328000000001
6.47681000000006,46.52005
6.45052000000004,46.5481
6.45671000000004,46.51836
6.54084000000006,46.52423
6.54077000000007,46.5343
6.49770000000007,46.5260000000001
6.56123000000002,46.52543
6.41929000000005,46.48499
6.40488000000005,46.5013700000001
6.52063000000004,46.52648
6.46479000000005,46.5051300000001
6.45055000000002,46.50402
6.49368,46.51082
6.52562000000006,46.5174900000001
6.51070000000004,46.5554000000001
6.45766000000003,46.48209
6.55808000000007,46.5100600000001
6.47426000000007,46.5053300000001
6.46546000000006,46.5352500000001
6.56173000000007,46.56802
6.42880000000002,46.5108300000001
6.47431000000006,46.5252
6.48228000000006,46.57255
6.41617000000002,46.51838
6.42769000000004,46.58023
6.72033000000005,46.68206
6.81106000000005,46.68649
6.80832000000004,46.65671
6.84777000000003,46.7009800000001
6.88317000000006,46.7082
6.75885000000005,46.6422900000001
6.86398000000003,46.6918000000001
6.84176000000002,46.7073500000001
6.80058000000002,46.66747
6.72372000000007,46.71031
6.88181000000003,46.69964
6.77626000000004,46.6524900000001
6.77839000000006,46.6450300000001
6.79908000000006,46.7104800000001
6.77610000000004,46.6280800000001
6.75439000000006,46.70397
6.19200000000006,46.3750400000001
6.20895000000007,46.4606600000001
6.23155000000003,46.4639700000001
6.24771000000004,46.44084
6.16578000000004,46.35429
6.17745000000002,46.37863
6.16267000000005,46.34511
6.13161000000002,46.3145500000001
6.17524000000003,46.4004200000001
6.23870000000005,46.4236500000001
6.17402000000004,46.31971
6.19339000000002,46.31643
6.20634000000007,46.3596900000001
6.16752000000002,46.3740100000001
6.23489000000006,46.4098200000001
6.20577000000003,46.38057
6.19267000000002,46.33295
6.21820000000002,46.4349100000001
6.17834000000005,46.40885
6.20147000000003,46.42888
6.26142000000004,46.4224100000001
6.19217000000003,46.395
6.17248000000006,46.3061200000001
6.23423,46.38346
6.24899000000005,46.39433
6.15180000000004,46.38122
6.15746000000007,46.4464800000001
6.20208000000002,46.39029
6.17590000000007,46.30906
6.20483000000007,46.4152300000001
6.23547000000002,46.47752
6.25020000000006,46.42882
6.48972000000003,46.7552400000001
6.51336000000003,46.7208400000001
6.51901000000004,46.69419
6.41684000000004,46.7297
6.52227000000005,46.78984
6.56531000000007,46.6858800000001
6.49960000000004,46.7047400000001
6.47448000000003,46.7121900000001
6.57089000000008,46.70896
6.46098000000006,46.73056
6.47665000000006,46.69559
6.45023000000003,46.69122
6.45666000000006,46.74048
6.51016000000004,46.73215
6.53109000000006,46.7249800000001
6.42713000000003,46.6672100000001
6.44675000000007,46.7039100000001
6.52992000000006,46.7610300000001
6.46058000000005,46.6935500000001
6.49963000000002,46.7505200000001
6.52486000000005,46.7531300000001
6.37912000000006,46.71198
6.39028000000008,46.6893900000001
6.54954000000004,46.8073900000001
6.74248000000006,46.6071600000001
6.87237000000005,46.5487800000001
6.74243000000007,46.5823800000001
6.75125000000003,46.6147800000001
6.77872000000002,46.57163
6.79157000000004,46.6197900000001
6.72848000000005,46.6321300000001
6.82631000000003,46.57163
6.77051000000006,46.59434
6.78816000000006,46.76106
6.90553000000006,46.8907600000001
6.96157000000005,46.8308400000001
6.92866000000004,46.8718000000001
6.88316000000003,46.7421200000001
6.97161000000006,46.88127
6.94018000000005,46.8219500000001
6.92560000000003,46.7690200000001
6.80085000000003,46.77383
6.90961000000004,46.74699
6.88749000000007,46.76347
7.13225000000006,46.47427
7.08309000000003,46.4670600000001
7.21082000000007,46.4898000000001
6.39423000000005,46.4710900000001
6.30448000000007,46.4383
6.28996000000006,46.45325
6.25921000000005,46.46561
6.29568000000006,46.4301300000001
6.31724000000003,46.4931800000001
6.29671000000008,46.45773
6.27261000000004,46.44406
6.33816000000007,46.4705200000001
6.36559000000005,46.4677300000001
6.33803000000006,46.45757
6.31668000000008,46.4660900000001
6.28001000000006,46.4478300000001
6.32005000000004,46.64941
6.23163000000005,46.60832
6.28234000000003,46.6478000000001
6.82751000000007,46.47603
6.83377000000007,46.47191
6.84145000000007,46.4704600000001
6.84020000000004,46.4785000000001
6.91044000000005,46.4316900000001
6.85686000000004,46.45302
6.84297000000004,46.4622800000001
6.92880000000002,46.4211000000001
6.89485000000008,46.4654400000001
6.62693000000007,46.7444
6.71118000000007,46.72666
6.60392000000007,46.77662
6.57495000000006,46.7838400000001
6.77740000000006,46.7772600000001
6.76700000000005,46.77173
6.67279000000002,46.7824800000001
6.69576000000006,46.7572000000001
6.68975000000006,46.7705700000001
6.75650000000007,46.7470200000001
6.71407000000005,46.7429000000001
6.60936000000004,46.7432700000001
6.56476000000004,46.7666400000001
6.74880000000007,46.76018
6.61192000000005,46.7916300000001
6.69205000000005,46.71392
6.58685000000003,46.80787
6.68313000000006,46.7235600000001
6.66771000000006,46.76007
6.76477000000006,46.7846400000001
6.60063000000002,46.7243
6.57648000000006,46.76334
6.61010000000005,46.77437
6.66984000000002,46.73787
6.60849000000007,46.7989700000001
6.65638000000007,46.7473400000001
6.69663000000003,46.78211
6.57546000000002,46.82343
6.64144000000005,46.77862
6.74501000000004,46.7997300000001
7.97767000000005,46.3108700000001
7.87752000000006,46.3069300000001
7.99097000000006,46.3237100000001
8.01587000000006,46.3154700000001
8.05465000000004,46.19649
8.02227000000005,46.3277800000001
8.11461000000003,46.16222
7.25555000000003,46.20827
7.22583000000003,46.2014100000001
7.30509,46.22449
7.29854000000006,46.18422
7.28258000000005,46.2257200000001
7.20794000000006,45.9501900000001
7.18625000000003,45.99136
7.14629000000002,46.0307100000001
7.15046000000007,46.0785900000001
7.21251000000007,46.08045
8.15827000000007,46.42625
8.18277000000006,46.3641900000001
8.14643000000007,46.3986800000001
8.13523000000004,46.4037900000001
8.14315000000005,46.4244200000001
8.11736000000008,46.3877200000001
8.34659000000005,46.5338800000001
8.24241781050751,46.4696932964447
7.40774000000005,46.2769700000001
7.49530000000004,46.1145900000001
7.40462000000002,46.1834500000001
7.43899000000005,46.17792
7.39835000000005,46.2121300000001
7.42834000000005,46.2283600000001
7.66355000000004,46.2969600000001
7.63453000000004,46.3401700000001
7.71318000000002,46.2932200000001
7.61806000000007,46.3442900000001
7.66486214500003,46.2997999520001
7.62526000000003,46.37602
7.69550000000004,46.28182
7.56962000000004,46.3114200000001
7.60593000000006,46.31766
7.66383000000008,46.32478
7.74395000000004,46.3168200000001
7.70378000000005,46.3018700000001
7.08634000000006,46.0797600000001
7.11927000000003,46.1376500000001
7.24474000000004,46.1622800000001
7.20876000000004,46.1866900000001
7.11394181600002,46.117302039
7.05523000000005,46.08779
7.22136000000006,46.1718300000001
7.18529000000007,46.17193
7.17372000000006,46.14885
6.99629000000004,46.05447
6.87105000000003,46.17958
6.94582000000003,46.2707300000001
6.94669,46.25289
6.87309000000005,46.3716700000001
6.80489000000006,46.3930700000001
6.91832000000005,46.22932
6.89281000000005,46.20419
6.89938000000006,46.3119100000001
6.89092000000005,46.3362300000001
8.06537000000003,46.36098
8.01617,46.33649
8.09292000000005,46.3724100000001
8.02162725216341,46.3478810761841
7.85178000000008,46.3150900000001
7.81929,46.42061
7.82396000000006,46.2781000000001
7.78044000000006,46.29335
7.75946000000005,46.39396
7.77261000000004,46.3995400000001
7.78155000000004,46.3135
7.80065266112498,46.3059036558632
7.80335000000002,46.2830000000001
7.78449000000006,46.40421
8.04534000000007,46.35556
7.74594000000008,46.3156700000001
8.09793462116688,46.3849946058972
7.03464000000002,46.17062
7.04238000000004,46.1490600000001
7.025069765142,46.1690608796621
6.97437000000002,46.0823500000001
6.98829000000006,46.2426
7.00238,46.21544
7.02026000000006,46.1200900000001
7.03983000000005,46.1344100000001
6.98761000000007,46.2105500000001
7.50610000000006,46.2655800000001
7.54160000000007,46.28051
7.45706000000007,46.25113
7.43823000000003,46.29085
7.44592000000006,46.2793600000001
7.41791000000006,46.2534000000001
7.53262,46.29228
7.60376000000002,46.17751
7.47964000000007,46.31212
7.53125000000006,46.3079500000001
7.38416000000007,46.27315
7.38763000000006,46.2610500000001
7.33872000000002,46.2504300000001
7.35886000000005,46.2280900000001
7.33892000000003,46.1959800000001
7.86404000000005,46.30692
7.89205000000004,46.2011400000001
7.82820000000004,46.21691
7.83934000000005,46.1961700000001
7.90334000000007,46.2992100000001
7.78035000000006,46.0986
7.95736000000005,46.09347
7.92847000000006,46.1528300000001
7.93488000000002,46.1134700000001
7.93688000000003,46.12348
7.80226000000005,46.1756100000001
7.86746000000005,46.2318100000001
7.88549000000006,46.2298900000001
7.77639000000005,46.0696800000001
7.85092000000003,46.23731
7.88196,46.29446
7.90285000000006,46.2595900000001
7.86642000000006,46.2730300000001
7.77570493589349,46.0677493596293
6.83916000000005,46.94976
6.84654000000006,46.9431200000001
6.81000000000006,46.9779800000001
6.85795000000007,46.9656400000001
6.81523000000004,46.93008
6.83271000000008,47.1032200000001
6.77086000000003,47.10666
6.81636000000003,47.0500900000001
6.60686000000004,46.98092
6.74710000000005,46.9814000000001
6.66515000000004,47.0167300000001
6.70413000000002,47.01336
6.74672000000004,47.0564900000001
6.73283000000004,46.9994100000001
7.02269,47.03805
7.03698000000003,47.0522
7.01194000000004,47.05634
6.97099000000003,47.0127900000001
7.06416000000007,47.0518300000001
7.06486000000007,47.08286
6.93112000000002,46.99033
6.99016000000006,47.0149000000001
6.99975000000006,47.0092100000001
6.90209000000004,47.05922
6.49086000000005,46.8687600000001
6.48130000000003,46.90432
6.61268000000007,46.9113300000001
6.04301000000004,46.1910500000001
6.22449000000006,46.2759800000001
6.00146000000007,46.1695500000001
5.99465000000004,46.1506600000001
6.10425000000004,46.1490200000001
6.15564000000006,46.2554200000001
6.07307000000003,46.17519
6.14143000000007,46.1833100000001
6.02100000000007,46.17364
6.19554000000005,46.3506800000001
5.97261000000003,46.14939
6.18454000000003,46.1976100000001
6.19310000000007,46.1951100000001
6.22440000000006,46.22328
6.12508000000003,46.2722400000001
6.20442000000003,46.25372
6.18384000000003,46.2182100000001
6.08503000000007,46.17382
6.22452000000004,46.26271
5.99475000000007,46.19485
6.14275000000004,46.20833
6.15573000000006,46.2649700000001
6.12686000000002,46.2368500000001
6.25749000000008,46.25217
6.24405000000007,46.3015800000001
6.26608000000004,46.23528
6.03564000000006,46.1557000000001
6.12043000000006,46.1830100000001
6.23365000000007,46.24645
6.07222000000007,46.22844
6.10002000000003,46.1838000000001
6.09710000000007,46.15741
6.11750000000006,46.16826
6.14684000000005,46.24332
6.25512000000003,46.2195400000001
6.23237000000006,46.21119
6.01308000000006,46.1874300000001
6.03320000000002,46.21567
6.04381000000006,46.14282
6.19829000000004,46.1880100000001
6.14862000000005,46.1605900000001
6.20228000000003,46.2213400000001
6.08047000000005,46.21234
6.16661000000005,46.2811400000001
6.18530000000004,46.1668900000001
7.21528000000006,47.3490100000001
7.24437000000006,47.39727
7.34434000000005,47.32948
7.45566000000002,47.34873
7.37302000000005,47.3400300000001
7.37506000000008,47.36175
7.31681000000003,47.34261
7.33257004300003,47.35061045
7.29342000000003,47.3555900000001
7.33577000000002,47.4258
7.49968000000007,47.3438100000001
7.31985000000003,47.3980700000001
7.31716000000006,47.40918
7.29200000000003,47.40754
7.34219000000007,47.34547
7.15388000000007,47.30184
7.36912000000007,47.3905100000001
7.24530000000004,47.33707
7.41621000000004,47.3487400000001
7.01310000000007,47.2638400000001
6.90469000000007,47.1762000000001
7.00476000000003,47.21191
7.04884000000004,47.2900500000001
7.13126000000005,47.25746
7.13795000000005,47.2788400000001
7.05421000000007,47.2841700000001
6.97997000000004,47.2477400000001
6.95735000000008,47.2244900000001
6.99544000000003,47.25591
7.11242000000004,47.3053800000001
7.04853000000003,47.3080800000001
7.12749000000002,47.4246200000001
7.01608000000004,47.49821
7.00680000000006,47.44239
7.09902000000005,47.45295
7.16108000000003,47.4075
7.05627000000004,47.43985
7.12662000000006,47.4032500000001
7.04206000000005,47.4065000000001
6.94859000000002,47.4190100000001
7.07863000000003,47.3998100000001
6.93974000000003,47.39086
7.07945531700005,47.411149933
7.15053000000006,47.4510700000001
7.04387000000003,47.4589500000001
7.15366000000006,47.36452
6.99997000000008,47.3915000000001
7.20437000000004,47.42321
7.10260000000005,47.47583
7.14955000000003,47.4781
